start_date,start_time,end_date,end_time,sum,num_true_positives_pitchtracked
2/11/25,12:00:00,2/11/25,13:00:00,0,0
2/11/25,13:00:00,2/11/25,14:00:00,0,0
2/11/25,14:00:00,2/11/25,15:00:00,0,0
2/11/25,15:00:00,2/11/25,16:00:00,0,0
2/11/25,16:00:00,2/11/25,17:00:00,0,0
2/11/25,17:00:00,2/11/25,18:00:00,0,0
2/11/25,18:00:00,2/11/25,19:00:00,0,0
2/11/25,19:00:00,2/11/25,20:00:00,0,0
2/11/25,20:00:00,2/11/25,21:00:00,0,0
2/11/25,21:00:00,2/11/25,22:00:00,0,0
2/11/25,22:00:00,2/11/25,23:00:00,0,0
2/11/25,23:00:00,2/11/25,24:00:00,95,0
2/12/25,00:00:00,2/12/25,01:00:00,0,0
2/12/25,01:00:00,2/12/25,02:00:00,0,0
2/12/25,02:00:00,2/12/25,03:00:00,0,0
2/12/25,03:00:00,2/12/25,04:00:00,0,1
2/12/25,04:00:00,2/12/25,05:00:00,0,1
2/12/25,05:00:00,2/12/25,06:00:00,0,2
2/12/25,06:00:00,2/12/25,07:00:00,0,2
2/12/25,07:00:00,2/12/25,08:00:00,0,0
2/12/25,08:00:00,2/12/25,09:00:00,0,0
2/12/25,09:00:00,2/12/25,10:00:00,0,7
2/12/25,10:00:00,2/12/25,11:00:00,0,4
2/12/25,11:00:00,2/12/25,12:00:00,0,3
2/12/25,12:00:00,2/12/25,13:00:00,0,1
2/12/25,13:00:00,2/12/25,14:00:00,0,4
2/12/25,14:00:00,2/12/25,15:00:00,0,0
2/12/25,15:00:00,2/12/25,16:00:00,0,4
2/12/25,16:00:00,2/12/25,17:00:00,0,4
2/12/25,17:00:00,2/12/25,18:00:00,0,2
2/12/25,18:00:00,2/12/25,19:00:00,0,3
2/12/25,19:00:00,2/12/25,20:00:00,0,0
2/12/25,20:00:00,2/12/25,21:00:00,0,0
2/12/25,21:00:00,2/12/25,22:00:00,0,2
2/12/25,22:00:00,2/12/25,23:00:00,0,0
2/12/25,23:00:00,2/12/25,24:00:00,299,0
2/13/25,00:00:00,2/13/25,01:00:00,0,0
2/13/25,01:00:00,2/13/25,02:00:00,0,0
2/13/25,02:00:00,2/13/25,03:00:00,0,0
2/13/25,03:00:00,2/13/25,04:00:00,0,0
2/13/25,04:00:00,2/13/25,05:00:00,0,0
2/13/25,05:00:00,2/13/25,06:00:00,0,1
2/13/25,06:00:00,2/13/25,07:00:00,0,0
2/13/25,07:00:00,2/13/25,08:00:00,0,0
2/13/25,08:00:00,2/13/25,09:00:00,0,0
2/13/25,09:00:00,2/13/25,10:00:00,0,0
2/13/25,10:00:00,2/13/25,11:00:00,0,2
2/13/25,11:00:00,2/13/25,12:00:00,0,0
2/13/25,12:00:00,2/13/25,13:00:00,0,0
2/13/25,13:00:00,2/13/25,14:00:00,0,2
2/13/25,14:00:00,2/13/25,15:00:00,0,0
2/13/25,15:00:00,2/13/25,16:00:00,0,0
2/13/25,16:00:00,2/13/25,17:00:00,0,1
2/13/25,17:00:00,2/13/25,18:00:00,0,2
2/13/25,18:00:00,2/13/25,19:00:00,0,0
2/13/25,19:00:00,2/13/25,20:00:00,0,1
2/13/25,20:00:00,2/13/25,21:00:00,0,2
2/13/25,21:00:00,2/13/25,22:00:00,0,2
2/13/25,22:00:00,2/13/25,23:00:00,0,6
2/13/25,23:00:00,2/13/25,24:00:00,208,4
2/14/25,00:00:00,2/14/25,01:00:00,0,0
2/14/25,01:00:00,2/14/25,02:00:00,0,0
2/14/25,02:00:00,2/14/25,03:00:00,0,3
2/14/25,03:00:00,2/14/25,04:00:00,0,2
2/14/25,04:00:00,2/14/25,05:00:00,0,0
2/14/25,05:00:00,2/14/25,06:00:00,0,0
2/14/25,06:00:00,2/14/25,07:00:00,0,0
2/14/25,07:00:00,2/14/25,08:00:00,0,0
2/14/25,08:00:00,2/14/25,09:00:00,0,0
2/14/25,09:00:00,2/14/25,10:00:00,0,0
2/14/25,10:00:00,2/14/25,11:00:00,0,2
2/14/25,11:00:00,2/14/25,12:00:00,0,8
2/14/25,12:00:00,2/14/25,13:00:00,0,5
2/14/25,13:00:00,2/14/25,14:00:00,0,4
2/14/25,14:00:00,2/14/25,15:00:00,0,0
2/14/25,15:00:00,2/14/25,16:00:00,0,0
2/14/25,16:00:00,2/14/25,17:00:00,0,0
2/14/25,17:00:00,2/14/25,18:00:00,0,0
2/14/25,18:00:00,2/14/25,19:00:00,0,0
2/14/25,19:00:00,2/14/25,20:00:00,0,0
2/14/25,20:00:00,2/14/25,21:00:00,0,0
2/14/25,21:00:00,2/14/25,22:00:00,0,1
2/14/25,22:00:00,2/14/25,23:00:00,0,0
2/14/25,23:00:00,2/14/25,24:00:00,211,0
2/15/25,00:00:00,2/15/25,01:00:00,0,2
2/15/25,01:00:00,2/15/25,02:00:00,0,4
2/15/25,02:00:00,2/15/25,03:00:00,0,0
2/15/25,03:00:00,2/15/25,04:00:00,0,0
2/15/25,04:00:00,2/15/25,05:00:00,0,0
2/15/25,05:00:00,2/15/25,06:00:00,0,0
2/15/25,06:00:00,2/15/25,07:00:00,0,4
2/15/25,07:00:00,2/15/25,08:00:00,0,0
2/15/25,08:00:00,2/15/25,09:00:00,0,0
2/15/25,09:00:00,2/15/25,10:00:00,0,0
2/15/25,10:00:00,2/15/25,11:00:00,0,6
2/15/25,11:00:00,2/15/25,12:00:00,0,3
2/15/25,12:00:00,2/15/25,13:00:00,0,0
2/15/25,13:00:00,2/15/25,14:00:00,0,0
2/15/25,14:00:00,2/15/25,15:00:00,0,0
2/15/25,15:00:00,2/15/25,16:00:00,0,2
2/15/25,16:00:00,2/15/25,17:00:00,0,0
2/15/25,17:00:00,2/15/25,18:00:00,0,1
2/15/25,18:00:00,2/15/25,19:00:00,0,7
2/15/25,19:00:00,2/15/25,20:00:00,0,1
2/15/25,20:00:00,2/15/25,21:00:00,0,0
2/15/25,21:00:00,2/15/25,22:00:00,0,0
2/15/25,22:00:00,2/15/25,23:00:00,0,3
2/15/25,23:00:00,2/15/25,24:00:00,226,0
2/16/25,00:00:00,2/16/25,01:00:00,0,4
2/16/25,01:00:00,2/16/25,02:00:00,0,2
2/16/25,02:00:00,2/16/25,03:00:00,0,1
2/16/25,03:00:00,2/16/25,04:00:00,0,0
2/16/25,04:00:00,2/16/25,05:00:00,0,0
2/16/25,05:00:00,2/16/25,06:00:00,0,0
2/16/25,06:00:00,2/16/25,07:00:00,0,2
2/16/25,07:00:00,2/16/25,08:00:00,0,1
2/16/25,08:00:00,2/16/25,09:00:00,0,2
2/16/25,09:00:00,2/16/25,10:00:00,0,0
2/16/25,10:00:00,2/16/25,11:00:00,0,2
2/16/25,11:00:00,2/16/25,12:00:00,0,3
2/16/25,12:00:00,2/16/25,13:00:00,0,2
2/16/25,13:00:00,2/16/25,14:00:00,0,0
2/16/25,14:00:00,2/16/25,15:00:00,0,1
2/16/25,15:00:00,2/16/25,16:00:00,0,6
2/16/25,16:00:00,2/16/25,17:00:00,0,8
2/16/25,17:00:00,2/16/25,18:00:00,0,0
2/16/25,18:00:00,2/16/25,19:00:00,0,0
2/16/25,19:00:00,2/16/25,20:00:00,0,5
2/16/25,20:00:00,2/16/25,21:00:00,0,8
2/16/25,21:00:00,2/16/25,22:00:00,0,1
2/16/25,22:00:00,2/16/25,23:00:00,0,5
2/16/25,23:00:00,2/16/25,24:00:00,261,0
2/17/25,00:00:00,2/17/25,01:00:00,0,6
2/17/25,01:00:00,2/17/25,02:00:00,0,1
2/17/25,02:00:00,2/17/25,03:00:00,0,0
2/17/25,03:00:00,2/17/25,04:00:00,0,0
2/17/25,04:00:00,2/17/25,05:00:00,0,8
2/17/25,05:00:00,2/17/25,06:00:00,0,2
2/17/25,06:00:00,2/17/25,07:00:00,0,1
2/17/25,07:00:00,2/17/25,08:00:00,0,0
2/17/25,08:00:00,2/17/25,09:00:00,0,0
2/17/25,09:00:00,2/17/25,10:00:00,0,22
2/17/25,10:00:00,2/17/25,11:00:00,0,31
2/17/25,11:00:00,2/17/25,12:00:00,0,44
2/17/25,12:00:00,2/17/25,13:00:00,0,2
2/17/25,13:00:00,2/17/25,14:00:00,0,2
2/17/25,14:00:00,2/17/25,15:00:00,0,10
2/17/25,15:00:00,2/17/25,16:00:00,0,4
2/17/25,16:00:00,2/17/25,17:00:00,0,6
2/17/25,17:00:00,2/17/25,18:00:00,0,16
2/17/25,18:00:00,2/17/25,19:00:00,0,17
2/17/25,19:00:00,2/17/25,20:00:00,0,31
2/17/25,20:00:00,2/17/25,21:00:00,0,34
2/17/25,21:00:00,2/17/25,22:00:00,0,23
2/17/25,22:00:00,2/17/25,23:00:00,0,23
2/17/25,23:00:00,2/17/25,24:00:00,589,19
2/18/25,00:00:00,2/18/25,01:00:00,0,27
2/18/25,01:00:00,2/18/25,02:00:00,0,13
2/18/25,02:00:00,2/18/25,03:00:00,0,4
2/18/25,03:00:00,2/18/25,04:00:00,0,4
2/18/25,04:00:00,2/18/25,05:00:00,0,5
2/18/25,05:00:00,2/18/25,06:00:00,0,6
2/18/25,06:00:00,2/18/25,07:00:00,0,6
2/18/25,07:00:00,2/18/25,08:00:00,0,12
2/18/25,08:00:00,2/18/25,09:00:00,0,0
2/18/25,09:00:00,2/18/25,10:00:00,0,0
2/18/25,10:00:00,2/18/25,11:00:00,0,3
2/18/25,11:00:00,2/18/25,12:00:00,0,14
2/18/25,12:00:00,2/18/25,13:00:00,0,10
2/18/25,13:00:00,2/18/25,14:00:00,0,0
2/18/25,14:00:00,2/18/25,15:00:00,0,3
2/18/25,15:00:00,2/18/25,16:00:00,0,2
2/18/25,16:00:00,2/18/25,17:00:00,0,0
2/18/25,17:00:00,2/18/25,18:00:00,0,1
2/18/25,18:00:00,2/18/25,19:00:00,0,3
2/18/25,19:00:00,2/18/25,20:00:00,0,9
2/18/25,20:00:00,2/18/25,21:00:00,0,6
2/18/25,21:00:00,2/18/25,22:00:00,0,13
2/18/25,22:00:00,2/18/25,23:00:00,0,6
2/18/25,23:00:00,2/18/25,24:00:00,436,0
2/19/25,00:00:00,2/19/25,01:00:00,0,0
2/19/25,01:00:00,2/19/25,02:00:00,0,4
2/19/25,02:00:00,2/19/25,03:00:00,0,9
2/19/25,03:00:00,2/19/25,04:00:00,0,8
2/19/25,04:00:00,2/19/25,05:00:00,0,2
2/19/25,05:00:00,2/19/25,06:00:00,0,5
2/19/25,06:00:00,2/19/25,07:00:00,0,10
2/19/25,07:00:00,2/19/25,08:00:00,0,15
2/19/25,08:00:00,2/19/25,09:00:00,0,1
2/19/25,09:00:00,2/19/25,10:00:00,0,1
2/19/25,10:00:00,2/19/25,11:00:00,0,10
2/19/25,11:00:00,2/19/25,12:00:00,0,9
2/19/25,12:00:00,2/19/25,13:00:00,0,4
2/19/25,13:00:00,2/19/25,14:00:00,0,11
2/19/25,14:00:00,2/19/25,15:00:00,0,7
2/19/25,15:00:00,2/19/25,16:00:00,0,10
2/19/25,16:00:00,2/19/25,17:00:00,0,8
2/19/25,17:00:00,2/19/25,18:00:00,0,9
2/19/25,18:00:00,2/19/25,19:00:00,0,15
2/19/25,19:00:00,2/19/25,20:00:00,0,14
2/19/25,20:00:00,2/19/25,21:00:00,0,17
2/19/25,21:00:00,2/19/25,22:00:00,0,16
2/19/25,22:00:00,2/19/25,23:00:00,0,20
2/19/25,23:00:00,2/19/25,24:00:00,537,9
2/20/25,00:00:00,2/20/25,01:00:00,0,0
2/20/25,01:00:00,2/20/25,02:00:00,0,0
2/20/25,02:00:00,2/20/25,03:00:00,0,2
2/20/25,03:00:00,2/20/25,04:00:00,0,1
2/20/25,04:00:00,2/20/25,05:00:00,0,5
2/20/25,05:00:00,2/20/25,06:00:00,0,0
2/20/25,06:00:00,2/20/25,07:00:00,0,8
2/20/25,07:00:00,2/20/25,08:00:00,0,20
2/20/25,08:00:00,2/20/25,09:00:00,0,9
2/20/25,09:00:00,2/20/25,10:00:00,0,16
2/20/25,10:00:00,2/20/25,11:00:00,0,18
2/20/25,11:00:00,2/20/25,12:00:00,0,13
2/20/25,12:00:00,2/20/25,13:00:00,0,13
2/20/25,13:00:00,2/20/25,14:00:00,0,15
2/20/25,14:00:00,2/20/25,15:00:00,0,18
2/20/25,15:00:00,2/20/25,16:00:00,0,8
2/20/25,16:00:00,2/20/25,17:00:00,0,19
2/20/25,17:00:00,2/20/25,18:00:00,0,16
2/20/25,18:00:00,2/20/25,19:00:00,0,11
2/20/25,19:00:00,2/20/25,20:00:00,0,11
2/20/25,20:00:00,2/20/25,21:00:00,0,22
2/20/25,21:00:00,2/20/25,22:00:00,0,22
2/20/25,22:00:00,2/20/25,23:00:00,0,14
2/20/25,23:00:00,2/20/25,24:00:00,489,2
2/21/25,00:00:00,2/21/25,01:00:00,0,3
2/21/25,01:00:00,2/21/25,02:00:00,0,0
2/21/25,02:00:00,2/21/25,03:00:00,0,2
2/21/25,03:00:00,2/21/25,04:00:00,0,2
2/21/25,04:00:00,2/21/25,05:00:00,0,0
2/21/25,05:00:00,2/21/25,06:00:00,0,3
2/21/25,06:00:00,2/21/25,07:00:00,0,1
2/21/25,07:00:00,2/21/25,08:00:00,0,2
2/21/25,08:00:00,2/21/25,09:00:00,0,5
2/21/25,09:00:00,2/21/25,10:00:00,0,4
2/21/25,10:00:00,2/21/25,11:00:00,0,12
2/21/25,11:00:00,2/21/25,12:00:00,0,4
2/21/25,12:00:00,2/21/25,13:00:00,0,0
2/21/25,13:00:00,2/21/25,14:00:00,0,0
2/21/25,14:00:00,2/21/25,15:00:00,0,2
2/21/25,15:00:00,2/21/25,16:00:00,0,1
2/21/25,16:00:00,2/21/25,17:00:00,0,16
2/21/25,17:00:00,2/21/25,18:00:00,0,20
2/21/25,18:00:00,2/21/25,19:00:00,0,12
2/21/25,19:00:00,2/21/25,20:00:00,0,16
2/21/25,20:00:00,2/21/25,21:00:00,0,9
2/21/25,21:00:00,2/21/25,22:00:00,0,4
2/21/25,22:00:00,2/21/25,23:00:00,0,11
2/21/25,23:00:00,2/21/25,24:00:00,574,13
2/22/25,00:00:00,2/22/25,01:00:00,0,10
2/22/25,01:00:00,2/22/25,02:00:00,0,1
2/22/25,02:00:00,2/22/25,03:00:00,0,1
2/22/25,03:00:00,2/22/25,04:00:00,0,0
2/22/25,04:00:00,2/22/25,05:00:00,0,0
2/22/25,05:00:00,2/22/25,06:00:00,0,2
2/22/25,06:00:00,2/22/25,07:00:00,0,0
2/22/25,07:00:00,2/22/25,08:00:00,0,0
2/22/25,08:00:00,2/22/25,09:00:00,0,0
2/22/25,09:00:00,2/22/25,10:00:00,0,0
2/22/25,10:00:00,2/22/25,11:00:00,0,6
2/22/25,11:00:00,2/22/25,12:00:00,0,7
2/22/25,12:00:00,2/22/25,13:00:00,0,8
2/22/25,13:00:00,2/22/25,14:00:00,0,1
2/22/25,14:00:00,2/22/25,15:00:00,0,3
2/22/25,15:00:00,2/22/25,16:00:00,0,4
2/22/25,16:00:00,2/22/25,17:00:00,0,4
2/22/25,17:00:00,2/22/25,18:00:00,0,2
2/22/25,18:00:00,2/22/25,19:00:00,0,1
2/22/25,19:00:00,2/22/25,20:00:00,0,8
2/22/25,20:00:00,2/22/25,21:00:00,0,4
2/22/25,21:00:00,2/22/25,22:00:00,0,4
2/22/25,22:00:00,2/22/25,23:00:00,0,5
2/22/25,23:00:00,2/22/25,24:00:00,313,6
2/23/25,00:00:00,2/23/25,01:00:00,0,10
2/23/25,01:00:00,2/23/25,02:00:00,0,8
2/23/25,02:00:00,2/23/25,03:00:00,0,1
2/23/25,03:00:00,2/23/25,04:00:00,0,0
2/23/25,04:00:00,2/23/25,05:00:00,0,3
2/23/25,05:00:00,2/23/25,06:00:00,0,2
2/23/25,06:00:00,2/23/25,07:00:00,0,1
2/23/25,07:00:00,2/23/25,08:00:00,0,6
2/23/25,08:00:00,2/23/25,09:00:00,0,2
2/23/25,09:00:00,2/23/25,10:00:00,0,0
2/23/25,10:00:00,2/23/25,11:00:00,0,0
2/23/25,11:00:00,2/23/25,12:00:00,0,0
2/23/25,12:00:00,2/23/25,13:00:00,0,0
2/23/25,13:00:00,2/23/25,14:00:00,0,0
2/23/25,14:00:00,2/23/25,15:00:00,0,0
2/23/25,15:00:00,2/23/25,16:00:00,0,0
2/23/25,16:00:00,2/23/25,17:00:00,0,0
2/23/25,17:00:00,2/23/25,18:00:00,0,0
2/23/25,18:00:00,2/23/25,19:00:00,0,0
2/23/25,19:00:00,2/23/25,20:00:00,0,0
2/23/25,20:00:00,2/23/25,21:00:00,0,0
2/23/25,21:00:00,2/23/25,22:00:00,0,0
2/23/25,22:00:00,2/23/25,23:00:00,0,0
2/23/25,23:00:00,2/23/25,24:00:00,351,0
2/24/25,00:00:00,2/24/25,01:00:00,0,0
2/24/25,01:00:00,2/24/25,02:00:00,0,0
2/24/25,02:00:00,2/24/25,03:00:00,0,0
2/24/25,03:00:00,2/24/25,04:00:00,0,0
2/24/25,04:00:00,2/24/25,05:00:00,0,0
2/24/25,05:00:00,2/24/25,06:00:00,0,0
2/24/25,06:00:00,2/24/25,07:00:00,0,0
2/24/25,07:00:00,2/24/25,08:00:00,0,0
2/24/25,08:00:00,2/24/25,09:00:00,0,0
2/24/25,09:00:00,2/24/25,10:00:00,0,0
2/24/25,10:00:00,2/24/25,11:00:00,0,0
2/24/25,11:00:00,2/24/25,12:00:00,0,0
2/24/25,12:00:00,2/24/25,13:00:00,0,0
2/24/25,13:00:00,2/24/25,14:00:00,0,0
2/24/25,14:00:00,2/24/25,15:00:00,0,0
2/24/25,15:00:00,2/24/25,16:00:00,0,0
2/24/25,16:00:00,2/24/25,17:00:00,0,0
2/24/25,17:00:00,2/24/25,18:00:00,0,0
2/24/25,18:00:00,2/24/25,19:00:00,0,0
2/24/25,19:00:00,2/24/25,20:00:00,0,0
2/24/25,20:00:00,2/24/25,21:00:00,0,1
2/24/25,21:00:00,2/24/25,22:00:00,0,0
2/24/25,22:00:00,2/24/25,23:00:00,0,0
2/24/25,23:00:00,2/24/25,24:00:00,278,0
2/25/25,00:00:00,2/25/25,01:00:00,0,0
2/25/25,01:00:00,2/25/25,02:00:00,0,0
2/25/25,02:00:00,2/25/25,03:00:00,0,1
2/25/25,03:00:00,2/25/25,04:00:00,0,0
2/25/25,04:00:00,2/25/25,05:00:00,0,0
2/25/25,05:00:00,2/25/25,06:00:00,0,0
2/25/25,06:00:00,2/25/25,07:00:00,0,1
2/25/25,07:00:00,2/25/25,08:00:00,0,0
2/25/25,08:00:00,2/25/25,09:00:00,0,1
2/25/25,09:00:00,2/25/25,10:00:00,0,4
2/25/25,10:00:00,2/25/25,11:00:00,0,6
2/25/25,11:00:00,2/25/25,12:00:00,0,1
2/25/25,12:00:00,2/25/25,13:00:00,0,8
2/25/25,13:00:00,2/25/25,14:00:00,0,2
2/25/25,14:00:00,2/25/25,15:00:00,0,4
2/25/25,15:00:00,2/25/25,16:00:00,0,10
2/25/25,16:00:00,2/25/25,17:00:00,0,4
2/25/25,17:00:00,2/25/25,18:00:00,0,8
2/25/25,18:00:00,2/25/25,19:00:00,0,16
2/25/25,19:00:00,2/25/25,20:00:00,0,3
2/25/25,20:00:00,2/25/25,21:00:00,0,11
2/25/25,21:00:00,2/25/25,22:00:00,0,11
2/25/25,22:00:00,2/25/25,23:00:00,0,9
2/25/25,23:00:00,2/25/25,24:00:00,315,6
2/26/25,00:00:00,2/26/25,01:00:00,0,7
2/26/25,01:00:00,2/26/25,02:00:00,0,2
2/26/25,02:00:00,2/26/25,03:00:00,0,0
2/26/25,03:00:00,2/26/25,04:00:00,0,0
2/26/25,04:00:00,2/26/25,05:00:00,0,2
2/26/25,05:00:00,2/26/25,06:00:00,0,4
2/26/25,06:00:00,2/26/25,07:00:00,0,4
2/26/25,07:00:00,2/26/25,08:00:00,0,1
2/26/25,08:00:00,2/26/25,09:00:00,0,1
2/26/25,09:00:00,2/26/25,10:00:00,0,0
2/26/25,10:00:00,2/26/25,11:00:00,0,0
2/26/25,11:00:00,2/26/25,12:00:00,0,0
2/26/25,12:00:00,2/26/25,13:00:00,0,4
2/26/25,13:00:00,2/26/25,14:00:00,0,17
2/26/25,14:00:00,2/26/25,15:00:00,0,8
2/26/25,15:00:00,2/26/25,16:00:00,0,7
2/26/25,16:00:00,2/26/25,17:00:00,0,11
2/26/25,17:00:00,2/26/25,18:00:00,0,9
2/26/25,18:00:00,2/26/25,19:00:00,0,8
2/26/25,19:00:00,2/26/25,20:00:00,0,16
2/26/25,20:00:00,2/26/25,21:00:00,0,13
2/26/25,21:00:00,2/26/25,22:00:00,0,10
2/26/25,22:00:00,2/26/25,23:00:00,0,4
2/26/25,23:00:00,2/26/25,24:00:00,366,0
2/27/25,00:00:00,2/27/25,01:00:00,0,0
2/27/25,01:00:00,2/27/25,02:00:00,0,0
2/27/25,02:00:00,2/27/25,03:00:00,0,0
2/27/25,03:00:00,2/27/25,04:00:00,0,3
2/27/25,04:00:00,2/27/25,05:00:00,0,0
2/27/25,05:00:00,2/27/25,06:00:00,0,0
2/27/25,06:00:00,2/27/25,07:00:00,0,1
2/27/25,07:00:00,2/27/25,08:00:00,0,7
2/27/25,08:00:00,2/27/25,09:00:00,0,1
2/27/25,09:00:00,2/27/25,10:00:00,0,2
2/27/25,10:00:00,2/27/25,11:00:00,0,4
2/27/25,11:00:00,2/27/25,12:00:00,0,2
2/27/25,12:00:00,2/27/25,13:00:00,0,5
2/27/25,13:00:00,2/27/25,14:00:00,0,4
2/27/25,14:00:00,2/27/25,15:00:00,0,2
2/27/25,15:00:00,2/27/25,16:00:00,0,6
2/27/25,16:00:00,2/27/25,17:00:00,0,3
2/27/25,17:00:00,2/27/25,18:00:00,0,8
2/27/25,18:00:00,2/27/25,19:00:00,0,14
2/27/25,19:00:00,2/27/25,20:00:00,0,7
2/27/25,20:00:00,2/27/25,21:00:00,0,7
2/27/25,21:00:00,2/27/25,22:00:00,0,14
2/27/25,22:00:00,2/27/25,23:00:00,0,4
2/27/25,23:00:00,2/27/25,24:00:00,356,18
2/28/25,00:00:00,2/28/25,01:00:00,0,14
2/28/25,01:00:00,2/28/25,02:00:00,0,21
2/28/25,02:00:00,2/28/25,03:00:00,0,25
2/28/25,03:00:00,2/28/25,04:00:00,0,6
2/28/25,04:00:00,2/28/25,05:00:00,0,1
2/28/25,05:00:00,2/28/25,06:00:00,0,0
2/28/25,06:00:00,2/28/25,07:00:00,0,1
2/28/25,07:00:00,2/28/25,08:00:00,0,2
2/28/25,08:00:00,2/28/25,09:00:00,0,3
2/28/25,09:00:00,2/28/25,10:00:00,0,1
2/28/25,10:00:00,2/28/25,11:00:00,0,15
2/28/25,11:00:00,2/28/25,12:00:00,0,16
2/28/25,12:00:00,2/28/25,13:00:00,0,14
2/28/25,13:00:00,2/28/25,14:00:00,0,8
2/28/25,14:00:00,2/28/25,15:00:00,0,11
2/28/25,15:00:00,2/28/25,16:00:00,0,6
2/28/25,16:00:00,2/28/25,17:00:00,0,25
2/28/25,17:00:00,2/28/25,18:00:00,0,17
2/28/25,18:00:00,2/28/25,19:00:00,0,18
2/28/25,19:00:00,2/28/25,20:00:00,0,15
2/28/25,20:00:00,2/28/25,21:00:00,0,17
2/28/25,21:00:00,2/28/25,22:00:00,0,9
2/28/25,22:00:00,2/28/25,23:00:00,0,17
2/28/25,23:00:00,2/28/25,24:00:00,686,9
3/1/25,00:00:00,3/1/25,01:00:00,0,8
3/1/25,01:00:00,3/1/25,02:00:00,0,12
3/1/25,02:00:00,3/1/25,03:00:00,0,2
3/1/25,03:00:00,3/1/25,04:00:00,0,0
3/1/25,04:00:00,3/1/25,05:00:00,0,4
3/1/25,05:00:00,3/1/25,06:00:00,0,2
3/1/25,06:00:00,3/1/25,07:00:00,0,6
3/1/25,07:00:00,3/1/25,08:00:00,0,5
3/1/25,08:00:00,3/1/25,09:00:00,0,5
3/1/25,09:00:00,3/1/25,10:00:00,0,5
3/1/25,10:00:00,3/1/25,11:00:00,0,6
3/1/25,11:00:00,3/1/25,12:00:00,0,7
3/1/25,12:00:00,3/1/25,13:00:00,0,5
3/1/25,13:00:00,3/1/25,14:00:00,0,8
3/1/25,14:00:00,3/1/25,15:00:00,0,13
3/1/25,15:00:00,3/1/25,16:00:00,0,4
3/1/25,16:00:00,3/1/25,17:00:00,0,5
3/1/25,17:00:00,3/1/25,18:00:00,0,1
3/1/25,18:00:00,3/1/25,19:00:00,0,2
3/1/25,19:00:00,3/1/25,20:00:00,0,10
3/1/25,20:00:00,3/1/25,21:00:00,0,0
3/1/25,21:00:00,3/1/25,22:00:00,0,2
3/1/25,22:00:00,3/1/25,23:00:00,0,11
3/1/25,23:00:00,3/1/25,24:00:00,407,7
3/2/25,00:00:00,3/2/25,01:00:00,0,6
3/2/25,01:00:00,3/2/25,02:00:00,0,12
3/2/25,02:00:00,3/2/25,03:00:00,0,9
3/2/25,03:00:00,3/2/25,04:00:00,0,13
3/2/25,04:00:00,3/2/25,05:00:00,0,12
3/2/25,05:00:00,3/2/25,06:00:00,0,0
3/2/25,06:00:00,3/2/25,07:00:00,0,0
3/2/25,07:00:00,3/2/25,08:00:00,0,5
3/2/25,08:00:00,3/2/25,09:00:00,0,12
3/2/25,09:00:00,3/2/25,10:00:00,0,10
3/2/25,10:00:00,3/2/25,11:00:00,0,3
3/2/25,11:00:00,3/2/25,12:00:00,0,11
3/2/25,12:00:00,3/2/25,13:00:00,0,10
3/2/25,13:00:00,3/2/25,14:00:00,0,5
3/2/25,14:00:00,3/2/25,15:00:00,0,3
3/2/25,15:00:00,3/2/25,16:00:00,0,12
3/2/25,16:00:00,3/2/25,17:00:00,0,10
3/2/25,17:00:00,3/2/25,18:00:00,0,27
3/2/25,18:00:00,3/2/25,19:00:00,0,16
3/2/25,19:00:00,3/2/25,20:00:00,0,9
3/2/25,20:00:00,3/2/25,21:00:00,0,21
3/2/25,21:00:00,3/2/25,22:00:00,0,8
3/2/25,22:00:00,3/2/25,23:00:00,0,20
3/2/25,23:00:00,3/2/25,24:00:00,548,27
3/3/25,00:00:00,3/3/25,01:00:00,0,21
3/3/25,01:00:00,3/3/25,02:00:00,0,21
3/3/25,02:00:00,3/3/25,03:00:00,0,23
3/3/25,03:00:00,3/3/25,04:00:00,0,27
3/3/25,04:00:00,3/3/25,05:00:00,0,19
3/3/25,05:00:00,3/3/25,06:00:00,0,18
3/3/25,06:00:00,3/3/25,07:00:00,0,27
3/3/25,07:00:00,3/3/25,08:00:00,0,1
3/3/25,08:00:00,3/3/25,09:00:00,0,0
3/3/25,09:00:00,3/3/25,10:00:00,0,1
3/3/25,10:00:00,3/3/25,11:00:00,0,8
3/3/25,11:00:00,3/3/25,12:00:00,0,12
3/3/25,12:00:00,3/3/25,13:00:00,0,5
3/3/25,13:00:00,3/3/25,14:00:00,0,0
3/3/25,14:00:00,3/3/25,15:00:00,0,10
3/3/25,15:00:00,3/3/25,16:00:00,0,22
3/3/25,16:00:00,3/3/25,17:00:00,0,19
3/3/25,17:00:00,3/3/25,18:00:00,0,20
3/3/25,18:00:00,3/3/25,19:00:00,0,25
3/3/25,19:00:00,3/3/25,20:00:00,0,20
3/3/25,20:00:00,3/3/25,21:00:00,0,7
3/3/25,21:00:00,3/3/25,22:00:00,0,3
3/3/25,22:00:00,3/3/25,23:00:00,0,2
3/3/25,23:00:00,3/3/25,24:00:00,580,0
3/4/25,00:00:00,3/4/25,01:00:00,0,0
3/4/25,01:00:00,3/4/25,02:00:00,0,1
3/4/25,02:00:00,3/4/25,03:00:00,0,0
3/4/25,03:00:00,3/4/25,04:00:00,0,9
3/4/25,04:00:00,3/4/25,05:00:00,0,4
3/4/25,05:00:00,3/4/25,06:00:00,0,8
3/4/25,06:00:00,3/4/25,07:00:00,0,5
3/4/25,07:00:00,3/4/25,08:00:00,0,6
3/4/25,08:00:00,3/4/25,09:00:00,0,7
3/4/25,09:00:00,3/4/25,10:00:00,0,1
3/4/25,10:00:00,3/4/25,11:00:00,0,1
3/4/25,11:00:00,3/4/25,12:00:00,0,0
3/4/25,12:00:00,3/4/25,13:00:00,0,0
3/4/25,13:00:00,3/4/25,14:00:00,0,0
3/4/25,14:00:00,3/4/25,15:00:00,0,0
3/4/25,15:00:00,3/4/25,16:00:00,241,0